cantidad,direccion_proveedor,fecha_modificacion,fecha_vencimiento,id,nombre_descripcion,numero_proveedor,proveedor,stock_maximo,stock_minimo,unidades
111,Cra. 42 #22-32 ,1665440625,1670428211,1,Yams,+57 362 6262026,Brainverse,191,24,u
45,Cra. 22 #32-42 ,1664594933,1667702322,2,"Chilli Paste, Hot Sambal Oelek",+57 342 9282529,Jabbersphere,181,23,kg
132,Cra. 82 #92-12 ,1666382104,1669702244,3,"Napkin - Cocktail,beige 2 - Ply",+57 352 1202920,Centizu,199,24,u
58,Cra. 52 #62-52 ,1666484191,1669596606,4,"Wine - Red, Concha Y Toro",+57 332 4262623,Flashdog,190,25,u
143,Cra. 92 #92-82 ,1665767647,1670661991,5,Lighter - Bbq,+57 372 0292827,Demizz,191,24,u
113,Cra. 02 #92-22 ,1665431830,1669385542,6,Lamb - Bones,+57 342 0202126,Rhyloo,195,24,u
91,Cra. 52 #02-12 ,1666843075,1671589253,7,Tea - Herbal - 6 Asst,+57 382 4272527,Katz,187,22,b
47,Cra. 02 #42-82 ,1666116416,1668502044,8,Ice Cream Bar - Oreo Cone,+57 372 6262726,Podcat,185,24,u
123,Cra. 72 #32-42 ,1666208633,1667965480,9,Muffin - Banana Nut Individual,+57 302 3272422,Gabvine,187,20,u
28,Cra. 12 #32-12 ,1665261678,1669303333,10,Tomatoes - Cherry,+57 312 8272025,Cogilith,196,23,kg
157,Cra. 92 #92-32 ,1664650951,1668021396,11,"Pasta - Tortellini, Fresh",+57 352 4242523,Mynte,186,21,u
150,Cra. 92 #62-52 ,1665757225,1671823668,12,Cinnamon Rolls,+57 362 5252225,Realcube,185,21,u
102,Cra. 72 #32-32 ,1665388814,1670706293,13,Soup - Campbells Beef Noodle,+57 342 9242228,Livetube,199,22,u
116,Cra. 92 #62-62 ,1665654798,1670337130,14,"Trout - Hot Smkd, Dbl Fillet",+57 342 9232326,Tanoodle,181,22,lb
25,Cra. 02 #32-82 ,1666896596,1669654701,15,Wine - Sawmill Creek Autumn,+57 332 8202827,Avaveo,192,25,u
73,Cra. 32 #62-72 ,1666244527,1668642840,16,"Lamb - Loin, Trimmed, Boneless",+57 372 5232821,Voonder,180,25,u
45,Cra. 32 #82-42 ,1666568202,1670132794,17,Cake - Bande Of Fruit,+57 372 1292229,Minyx,197,24,b
123,Cra. 72 #82-82 ,1666887936,1668131088,18,Muffin Mix - Carrot,+57 302 0202323,Roombo,183,24,u
53,Cra. 82 #82-82 ,1666864267,1669246196,19,Lid Tray - 16in Dome,+57 362 5282023,Browsecat,182,21,kg
83,Cra. 92 #22-22 ,1664999034,1671074798,20,Sprouts - Onion,+57 302 5222128,Midel,197,25,kg
180,Cra. 72 #42-62 ,1666346784,1667519605,21,Mousse - Banana Chocolate,+57 362 3262826,Skipstorm,192,24,kg
105,Cra. 12 #02-72 ,1666305147,1667756433,22,Pickles - Gherkins,+57 302 1232920,Yodo,188,25,b
153,Cra. 92 #32-42 ,1665356254,1671443823,23,Snapple - Iced Tea Peach,+57 392 5282629,Ailane,194,24,b
175,Cra. 62 #92-52 ,1664902201,1671995449,24,Wine - Merlot Vina Carmen,+57 382 7282724,Meembee,193,24,kg
174,Cra. 02 #92-02 ,1666198391,1668374152,25,Tomato - Plum With Basil,+57 302 1272428,Jazzy,185,24,b
30,Cra. 32 #22-02 ,1665076035,1671227408,26,Rootbeer,+57 312 3202323,Thoughtbridge,190,22,kg
128,Cra. 52 #12-82 ,1665206438,1670740363,27,Lobster - Canned Premium,+57 342 7242521,Vinder,188,21,b
31,Cra. 82 #62-62 ,1666871309,1672236846,28,Wine - Valpolicella Masi,+57 362 7202823,Shufflester,180,22,u
141,Cra. 82 #72-92 ,1664633121,1669931210,29,"Bread - Dark Rye, Loaf",+57 392 9202327,Fliptune,191,25,b
60,Cra. 82 #62-32 ,1666750834,1672360105,30,Bread - Kimel Stick Poly,+57 302 0202227,Blogtag,189,25,u
68,Cra. 32 #92-62 ,1666091333,1668231152,31,Soupfoamcont12oz 112con,+57 302 6212726,Devpulse,186,23,u
55,Cra. 42 #92-12 ,1667159942,1668639645,32,"Carrots - Purple, Organic",+57 382 0222120,Voonyx,189,22,u
136,Cra. 22 #02-12 ,1664829207,1667450484,33,Melon - Honey Dew,+57 302 8222429,Wordware,189,24,lb
36,Cra. 72 #52-32 ,1666843940,1668855901,34,Compound - Mocha,+57 372 7262629,Twiyo,186,22,b
160,Cra. 32 #32-12 ,1666242905,1670720925,35,Wine - Periguita Fonseca,+57 302 1252225,Ozu,180,23,u
42,Cra. 22 #92-72 ,1666394120,1668387503,36,Creme De Cacao Mcguines,+57 382 3282924,Photofeed,194,22,u
179,Cra. 82 #72-92 ,1666691125,1670535560,37,Sauce - Ranch Dressing,+57 362 6232420,Skipstorm,200,24,lb
68,Cra. 42 #82-42 ,1664980843,1667930233,38,Tomatoes - Hot House,+57 392 8212921,Layo,188,23,kg
106,Cra. 82 #12-42 ,1666715265,1670603224,39,Madeira,+57 332 1202924,Skyvu,191,21,lb
61,Cra. 72 #32-02 ,1664826018,1670526264,40,Appetizer - Seafood Assortment,+57 302 8202125,Thoughtblab,199,21,u
30,Cra. 12 #82-32 ,1666063305,1671739985,41,Mustard - Pommery,+57 312 4242126,Plambee,188,25,u
170,Cra. 22 #82-72 ,1665453884,1670289089,42,Eggplant - Baby,+57 382 2242824,Wikido,196,25,lb
27,Cra. 82 #72-52 ,1665329280,1671991613,43,Cake - Lemon Chiffon,+57 332 6232321,Photojam,192,21,b
66,Cra. 72 #62-02 ,1665689149,1669105773,44,"Juice - Pineapple, 341 Ml",+57 342 1282826,Zoonder,189,21,u
55,Cra. 62 #12-02 ,1665444546,1668618287,45,Sesame Seed Black,+57 332 6272721,Thoughtblab,180,21,b
180,Cra. 72 #22-12 ,1665905687,1667286474,46,Cookies - Fortune,+57 382 3262424,Skiba,181,25,u
77,Cra. 42 #22-72 ,1665216896,1670004607,47,Snapple - Iced Tea Peach,+57 352 7292320,Skiba,196,23,kg
158,Cra. 42 #52-72 ,1664867346,1670668744,48,"Seedlings - Buckwheat, Organic",+57 362 6242225,Tagcat,193,20,u
72,Cra. 82 #72-02 ,1666540897,1670454206,49,"Nut - Cashews, Whole, Raw",+57 322 4242720,Dazzlesphere,185,24,b
129,Cra. 12 #92-42 ,1665507954,1667901062,50,Gingerale - Diet - Schweppes,+57 332 6232622,Eare,180,20,u
134,Cra. 52 #22-72 ,1666470085,1671185571,51,"Brandy - Orange, Mc Guiness",+57 352 9292125,Wikido,181,23,u
37,Cra. 22 #62-12 ,1664930653,1667658721,52,Huck Towels White,+57 332 0212420,Tagchat,197,25,u
141,Cra. 02 #52-92 ,1664779759,1668303218,53,Rice - Jasmine Sented,+57 302 2242027,Muxo,197,23,u
65,Cra. 32 #32-62 ,1665637429,1671753941,54,Wine - Gewurztraminer Pierre,+57 382 8242121,JumpXS,183,23,u
98,Cra. 82 #82-62 ,1665321160,1670116915,55,"Chicken - Base, Ultimate",+57 322 7272224,Youopia,199,25,u
122,Cra. 62 #32-22 ,1666314547,1667413420,56,Scallops 60/80 Iqf,+57 342 8292725,Agivu,194,20,lb
67,Cra. 12 #42-72 ,1664822084,1671544952,57,Wine - Two Oceans Cabernet,+57 302 1292628,Photobug,194,20,u
28,Cra. 42 #32-02 ,1665737917,1671275879,58,"Marsala - Sperone, Fine, D.o.c.",+57 392 7242022,Feednation,199,21,kg
50,Cra. 92 #32-72 ,1665140380,1669326928,59,Steampan - Lid For Half Size,+57 372 4232220,Skinte,194,24,b
51,Cra. 82 #72-32 ,1665036332,1671635883,60,Wine La Vielle Ferme Cote Du,+57 362 3212623,Livetube,187,22,b
31,Cra. 32 #82-52 ,1665716165,1667571047,61,"Soup - Campbells, Minestrone",+57 322 1252225,Yozio,191,23,u
109,Cra. 12 #72-22 ,1667017461,1669267116,62,Sprouts - Bean,+57 362 0282824,Oyondu,195,21,u
46,Cra. 62 #82-02 ,1664920781,1671953342,63,Triple Sec - Mcguinness,+57 362 9212924,Voonder,186,23,lb
75,Cra. 02 #22-62 ,1665150805,1670002421,64,"Quail - Eggs, Fresh",+57 312 8202820,Photospace,189,24,u
105,Cra. 42 #12-02 ,1665760969,1671063124,65,Scallops - In Shell,+57 372 7292828,Ooba,183,23,u
122,Cra. 42 #02-72 ,1666879701,1668894782,66,"Pork - Tenderloin, Frozen",+57 352 7212329,Jatri,180,25,b
125,Cra. 92 #12-92 ,1666018434,1672053981,67,"Pasta - Lasagna, Dry",+57 372 9242523,Meevee,193,25,b
41,Cra. 02 #62-22 ,1666113328,1671785723,68,"Napkin - Beverge, White 2 - Ply",+57 302 6202020,Pixonyx,183,22,b
45,Cra. 82 #62-72 ,1665903687,1669766997,69,Sprouts - Bean,+57 362 4212929,Realcube,187,24,b
72,Cra. 12 #72-52 ,1666842106,1667521212,70,Uniform Linen Charge,+57 342 2262322,Zoomlounge,200,21,b
61,Cra. 02 #12-62 ,1666912141,1667798926,71,"C - Plus, Orange",+57 392 5262529,Fivechat,186,23,u
47,Cra. 22 #62-52 ,1666432673,1671693614,72,Pie Filling - Pumpkin,+57 302 0242125,Thoughtbridge,181,22,b
153,Cra. 82 #92-52 ,1667030659,1670954169,73,"Pork - Ham, Virginia",+57 312 0272529,Jabbercube,186,25,u
121,Cra. 82 #42-92 ,1666149132,1668201765,74,"Artichoke - Hearts, Canned",+57 322 6222329,Agivu,188,20,u
44,Cra. 82 #62-52 ,1665827518,1670722797,75,Ham - Cooked Bayonne Tinned,+57 382 1232321,Yakijo,186,24,b
126,Cra. 12 #52-02 ,1665859896,1670755681,76,Tomato - Plum With Basil,+57 362 6292823,Bluejam,188,22,kg
121,Cra. 42 #22-02 ,1666204266,1670104833,77,Ginger - Pickled,+57 302 8222925,Fliptune,180,22,u
145,Cra. 82 #02-52 ,1665389784,1670642380,78,Quail - Jumbo Boneless,+57 372 4242924,Tagopia,199,22,b
160,Cra. 62 #82-22 ,1665910085,1672244445,79,Country Roll,+57 312 6262425,Lazz,198,21,u
155,Cra. 72 #82-82 ,1664997313,1671848380,80,Nantucket - Orange Mango Cktl,+57 322 9232125,Twitternation,198,25,u
42,Cra. 72 #02-62 ,1665015630,1669545084,81,Cocktail Napkin Blue,+57 302 1282027,Dabtype,181,24,u
158,Cra. 02 #52-02 ,1665734879,1671977019,82,"Flour - Corn, Fine",+57 332 2232729,Gabtune,188,25,kg
68,Cra. 22 #72-22 ,1666204737,1669329279,83,Wine - Rubyport,+57 382 0292627,Muxo,198,23,b
61,Cra. 12 #52-12 ,1666709656,1668107854,84,Pepper - Red Thai,+57 352 2242726,Zoombox,195,20,lb
80,Cra. 42 #32-42 ,1665590992,1671268084,85,Tomatoes Tear Drop,+57 362 4242428,Blogspan,195,23,kg
61,Cra. 82 #62-12 ,1664953543,1668665618,86,Carbonated Water - Orange,+57 322 9212122,Photobug,195,22,u
96,Cra. 32 #42-32 ,1664739687,1669619476,87,Toothpick Frilled,+57 352 9252624,Myworks,180,24,u
57,Cra. 42 #12-12 ,1665966738,1669645780,88,Bread - Kimel Stick Poly,+57 392 1232021,Realcube,197,21,u
117,Cra. 22 #32-72 ,1666597581,1667906216,89,Energy Drink - Franks Original,+57 302 6242723,Plambee,182,25,u
168,Cra. 12 #62-92 ,1667080915,1667479701,90,Coffee - Cafe Moreno,+57 322 6232122,Teklist,200,21,kg
91,Cra. 82 #82-42 ,1665410385,1671556650,91,Barramundi,+57 322 1252420,Oozz,184,23,u
125,Cra. 92 #62-92 ,1665723107,1669368188,92,Table Cloth 91x91 Colour,+57 332 8202420,Jabbersphere,198,21,u
79,Cra. 82 #92-12 ,1666741027,1671521861,93,Lychee - Canned,+57 322 2222029,Vinte,192,20,lb
98,Cra. 02 #12-02 ,1665236286,1670576604,94,Gelatine Leaves - Bulk,+57 302 1292020,Livepath,191,22,b
35,Cra. 72 #22-22 ,1667171884,1668901056,95,Beer - Guiness,+57 342 2222426,Chatterbridge,199,21,kg
49,Cra. 12 #02-22 ,1666616614,1671121915,96,Goldschalger,+57 342 0212420,Eimbee,192,24,u
35,Cra. 02 #72-12 ,1665147599,1669883546,97,"Bread - White, Sliced",+57 362 4282029,Trunyx,189,20,u
154,Cra. 92 #62-92 ,1664864387,1670648806,98,"Glass - Wine, Plastic, Clear 5 Oz",+57 312 5262225,Flipopia,186,25,lb
154,Cra. 92 #52-72 ,1664946586,1670195350,99,Beef - Short Ribs,+57 362 0292626,Kwimbee,193,25,u
154,Cra. 92 #82-72 ,1664888312,1669553202,100,Bar - Granola Trail Mix Fruit Nut,+57 302 8292628,Ntags,193,24,u
41,Cra. 82 #72-62 ,1665189715,1667508353,101,"Nut - Almond, Blanched, Whole",+57 332 1252126,BlogXS,197,20,u
169,Cra. 02 #42-82 ,1665615641,1667370972,102,Spinach - Packaged,+57 352 8282222,Jaloo,197,25,b
30,Cra. 72 #12-82 ,1666193240,1671251862,103,Oil - Macadamia,+57 372 4202520,Skiptube,184,23,lb
88,Cra. 52 #52-72 ,1665279125,1669457739,104,"Wine - Magnotta - Red, Baco",+57 352 7242320,Aivee,191,25,b
69,Cra. 52 #72-92 ,1665368895,1671457997,105,"Lemonade - Black Cherry, 591 Ml",+57 382 9222820,Jaxnation,198,20,u
47,Cra. 62 #52-92 ,1666989753,1668340995,106,Sweet Pea Sprouts,+57 362 5282521,Devshare,194,20,b
123,Cra. 22 #42-72 ,1665132669,1672437744,107,Beef Ground Medium,+57 372 1282928,Edgetag,181,20,u
73,Cra. 72 #12-12 ,1665309741,1669963941,108,Chervil - Fresh,+57 332 4252525,Tagopia,192,20,b
81,Cra. 92 #82-62 ,1665140476,1668006828,109,Clam Nectar,+57 362 9252722,Plajo,187,21,lb
91,Cra. 02 #02-92 ,1666238908,1669873629,110,Petite Baguette,+57 352 0252828,Topiclounge,198,23,u
34,Cra. 62 #02-62 ,1666233695,1671313722,111,"Mushroom - Trumpet, Dry",+57 362 2232324,Jetpulse,189,23,lb
118,Cra. 52 #92-92 ,1664963867,1667366540,112,Tomatoes Tear Drop Yellow,+57 372 7202922,Latz,198,20,u
66,Cra. 82 #22-72 ,1664610495,1667852133,113,Onion Powder,+57 322 6262224,Skinte,188,25,u
52,Cra. 42 #92-02 ,1666846621,1671246300,114,"Lamb - Leg, Boneless",+57 352 9222426,Leexo,196,24,b
151,Cra. 32 #62-32 ,1665574925,1668812969,115,Pork - Backfat,+57 382 4282724,Trilia,185,25,u
95,Cra. 32 #52-12 ,1665011857,1668604242,116,Vol Au Vents,+57 372 8262020,Skivee,191,24,b
156,Cra. 62 #92-12 ,1667036530,1668935663,117,Wine - Manischewitz Concord,+57 382 7292924,Skiptube,198,22,b
111,Cra. 72 #22-82 ,1666746678,1667540644,118,Pork - Liver,+57 302 1232027,Babbleopia,194,21,u
61,Cra. 92 #22-62 ,1665716927,1670169653,119,Oil - Sesame,+57 382 5282729,Browsetype,194,22,b
110,Cra. 22 #92-32 ,1666443961,1670127405,120,Pants Custom Dry Clean,+57 322 8222423,Wikizz,183,24,u
139,Cra. 52 #52-72 ,1664907273,1668036394,121,Peach - Fresh,+57 392 0292028,Thoughtstorm,180,23,b
101,Cra. 92 #22-52 ,1666001083,1671502926,122,Pepper - Orange,+57 372 5272623,Livetube,180,23,b
30,Cra. 42 #12-52 ,1665294764,1668918196,123,Worcestershire Sauce,+57 322 6222926,Flashpoint,190,22,u
93,Cra. 62 #22-42 ,1665310473,1671548122,124,Tia Maria,+57 362 2252027,Tagopia,187,21,u
106,Cra. 52 #32-42 ,1666332525,1667792189,125,Quail - Jumbo,+57 352 2242827,Wikivu,196,24,u
39,Cra. 62 #82-22 ,1665052380,1669409307,126,Wine - Sauvignon Blanc,+57 302 9202521,Buzzster,194,21,kg
139,Cra. 22 #82-22 ,1665717917,1671865078,127,"Wine - White, Riesling, Henry Of",+57 352 6202220,Twimm,190,23,u
100,Cra. 12 #52-12 ,1666690234,1671344770,128,Poppy Seed,+57 302 6282924,Rhynoodle,185,25,lb
144,Cra. 22 #72-72 ,1665817133,1669571538,129,"Oil - Shortening,liqud, Fry",+57 372 1292125,Quatz,180,25,u
161,Cra. 82 #62-92 ,1666670481,1669168198,130,Coffee Cup 16oz Foam,+57 312 5212322,Mybuzz,190,22,b
30,Cra. 42 #22-22 ,1665567148,1668464665,131,"Soup - Knorr, French Onion",+57 382 7222327,Viva,185,24,b
45,Cra. 02 #92-72 ,1665365928,1672348154,132,"Vermouth - Sweet, Cinzano",+57 332 5262220,Feednation,194,24,lb
157,Cra. 92 #02-42 ,1666673986,1668520207,133,"Doilies - 7, Paper",+57 362 6282423,Skyba,186,23,u
157,Cra. 52 #12-42 ,1666089578,1669884592,134,Crab Meat Claw Pasteurise,+57 382 7292923,Yakitri,197,22,b
177,Cra. 22 #82-92 ,1664707325,1672076147,135,Lychee,+57 302 6222121,Buzzdog,197,23,kg
123,Cra. 02 #12-72 ,1666500864,1667797514,136,"Melon - Watermelon, Seedless",+57 372 2272129,Lazzy,186,21,u
102,Cra. 12 #52-22 ,1664731918,1668016328,137,Wine - Sawmill Creek Autumn,+57 362 1272327,Kazio,197,20,u
116,Cra. 32 #82-32 ,1666536212,1671623827,138,Container - Clear 32 Oz,+57 342 8262223,Babbleblab,199,23,b
89,Cra. 72 #12-62 ,1665774096,1669755802,139,Napkin White,+57 382 3272320,Flipstorm,185,23,kg
148,Cra. 42 #32-02 ,1666018703,1669041414,140,"Beef - Ground, Extra Lean, Fresh",+57 332 6282421,Zoomzone,190,21,lb
146,Cra. 02 #92-22 ,1666980004,1671168276,141,"Beef - Outside, Round",+57 322 7262729,Gigaclub,190,23,u
65,Cra. 22 #92-82 ,1666312733,1668258930,142,Cheese - Parmesan Cubes,+57 342 1212223,Zoomcast,180,22,lb
141,Cra. 12 #92-12 ,1664606749,1668030640,143,Wine - Touraine Azay - Le - Rideau,+57 392 1262223,Jabberbean,199,23,b
174,Cra. 72 #92-02 ,1665950559,1672404370,144,Pastry - French Mini Assorted,+57 342 4232728,Cogilith,190,25,u
85,Cra. 02 #22-52 ,1665259656,1671288120,145,Dill Weed - Dry,+57 362 3262523,Meedoo,192,22,lb
123,Cra. 62 #82-02 ,1666235641,1671492069,146,Shrimp - Tiger 21/25,+57 302 8292823,Dynabox,192,25,u
48,Cra. 82 #62-52 ,1665617132,1668413305,147,Yeast Dry - Fleischman,+57 382 8282320,BlogXS,182,23,u
97,Cra. 22 #12-52 ,1666039369,1668862648,148,Peach - Halves,+57 392 2262724,Npath,199,25,b
104,Cra. 02 #62-32 ,1665991891,1670125049,149,Carbonated Water - Cherry,+57 312 4232224,Npath,196,21,kg
146,Cra. 52 #32-92 ,1666955922,1669182367,150,Coconut Milk - Unsweetened,+57 312 9252726,Yabox,192,21,lb
112,Cra. 12 #72-02 ,1665422441,1671842940,151,Broom - Angled,+57 362 0222129,Twitternation,191,25,u
140,Cra. 02 #52-02 ,1666844398,1670355490,152,Piping - Bags Quizna,+57 342 6202325,Meevee,191,24,u
115,Cra. 62 #02-82 ,1664702118,1669526769,153,Soup - Campbells Chicken,+57 352 1232625,Twinte,185,23,kg
48,Cra. 22 #52-42 ,1666105553,1671219459,154,Pork - Hock And Feet Attached,+57 392 2282221,Quamba,197,22,kg
127,Cra. 62 #92-02 ,1665377491,1672222778,155,Flavouring Vanilla Artificial,+57 312 8232721,Buzzster,198,20,u
25,Cra. 12 #52-12 ,1665483012,1671308275,156,Brandy - Bar,+57 372 4232022,Buzzshare,195,20,u
31,Cra. 62 #32-22 ,1666951126,1667602245,157,Tea - Black Currant,+57 342 3292125,Youbridge,188,20,b
43,Cra. 02 #92-02 ,1665329986,1668592353,158,Bread - Italian Sesame Poly,+57 342 1262522,Shuffledrive,199,20,lb
143,Cra. 12 #02-72 ,1664633645,1672009549,159,Vacuum Bags 12x16,+57 352 6272221,Oozz,194,25,lb
45,Cra. 52 #82-92 ,1665378808,1667603701,160,"Juice - Tomato, 10 Oz",+57 322 4202924,Dabshots,190,21,u
113,Cra. 02 #52-92 ,1666703537,1667299644,161,Schnappes Peppermint - Walker,+57 362 6212527,Jaxbean,199,20,u
74,Cra. 22 #42-12 ,1666708816,1669322864,162,Latex Rubber Gloves Size 9,+57 342 5242526,Buzzbean,182,23,kg
159,Cra. 82 #52-52 ,1666629105,1668545052,163,"Spoon - Soup, Plastic",+57 392 6242624,Browsetype,194,20,b
133,Cra. 52 #82-32 ,1666205868,1667577196,164,Coffee - Decafenated,+57 322 4272721,Avavee,200,25,u
174,Cra. 92 #92-22 ,1664704942,1669561431,165,Flour - Fast / Rapid,+57 362 4202326,Meetz,196,24,u
131,Cra. 82 #22-12 ,1665989374,1671508419,166,Wine - Cave Springs Dry Riesling,+57 302 3272623,Jayo,184,22,u
170,Cra. 82 #02-82 ,1666307439,1667381036,167,Container - Foam Dixie 12 Oz,+57 362 7232424,Twinder,186,25,lb
141,Cra. 42 #72-12 ,1666123161,1668952349,168,Pork - Inside,+57 382 8272222,Fatz,200,23,b
74,Cra. 12 #52-22 ,1666830205,1668977576,169,"Pork - Ham, Virginia",+57 342 5252922,Twitterwire,182,22,b
119,Cra. 22 #32-62 ,1665669374,1669567760,170,Wine - Chateauneuf Du Pape,+57 362 0252325,Voomm,180,24,u
104,Cra. 82 #62-12 ,1665455382,1668561601,171,"Wine - Red, Mouton Cadet",+57 312 4202029,Skimia,191,23,b
127,Cra. 92 #92-82 ,1666304811,1671390703,172,Liners - Baking Cups,+57 372 8262624,Trudeo,197,20,u
39,Cra. 92 #72-12 ,1666097979,1668334483,173,Grenadillo,+57 362 3202024,Ooba,197,22,u
34,Cra. 82 #82-32 ,1667012466,1671213223,174,Broom - Corn,+57 392 3282523,Brightbean,186,25,u
105,Cra. 02 #22-82 ,1665130083,1668463066,175,Truffle Paste,+57 352 7212620,Quimba,186,21,u
48,Cra. 22 #02-32 ,1666459052,1670007996,176,Buttons,+57 342 0252326,Thoughtbeat,190,25,u
115,Cra. 72 #22-02 ,1666829072,1671513172,177,Wine - Chardonnay Mondavi,+57 382 1222820,Mybuzz,188,20,b
89,Cra. 02 #62-32 ,1666494617,1667817692,178,Container - Clear 32 Oz,+57 312 2292027,Edgeclub,183,22,u
66,Cra. 92 #52-02 ,1666805645,1672152234,179,Oyster - In Shell,+57 382 5202025,Innotype,181,20,lb
139,Cra. 02 #52-22 ,1664654349,1670519229,180,Buffalo - Short Rib Fresh,+57 362 6222625,Realbridge,195,22,u
58,Cra. 62 #22-22 ,1665346096,1669143168,181,Lemon Tarts,+57 342 6212420,JumpXS,197,22,u
89,Cra. 32 #52-22 ,1665348589,1671415897,182,Wine - Placido Pinot Grigo,+57 302 4272626,Omba,194,23,u
99,Cra. 02 #32-02 ,1664848932,1670955724,183,Curry Paste - Green Masala,+57 332 4202021,Mydo,187,22,u
37,Cra. 92 #42-52 ,1666435901,1672396532,184,Sauce - Hoisin,+57 392 0272624,Tagchat,193,22,kg
58,Cra. 52 #72-02 ,1665912503,1667874061,185,"Onions - Dried, Chopped",+57 332 0252522,Jayo,189,20,u
83,Cra. 72 #32-72 ,1665238353,1667916310,186,Langers - Ruby Red Grapfruit,+57 372 4252821,Bubblebox,189,22,u
122,Cra. 92 #72-82 ,1665157689,1671112700,187,Truffle Shells - White Chocolate,+57 362 7222322,Eabox,181,25,kg
41,Cra. 82 #92-82 ,1666455459,1667441140,188,Sausage - Liver,+57 312 3242623,Blognation,182,23,kg
135,Cra. 52 #32-72 ,1667115470,1667977220,189,Flounder - Fresh,+57 372 2212820,Tazz,189,25,b
163,Cra. 02 #52-32 ,1665751518,1669028868,190,Dooleys Toffee,+57 382 5212821,Cogidoo,190,24,lb
82,Cra. 82 #52-52 ,1664781031,1667324285,191,Wine - Marlbourough Sauv Blanc,+57 382 4222725,Quimba,187,24,kg
99,Cra. 42 #02-52 ,1667099418,1670981690,192,Beef Flat Iron Steak,+57 322 4232926,Babbleset,183,22,u
129,Cra. 02 #42-62 ,1666765543,1671735376,193,Trueblue - Blueberry Cranberry,+57 372 4252329,Kanoodle,194,20,u
57,Cra. 42 #52-62 ,1666615844,1669671637,194,Pie Filling - Apple,+57 312 6222722,Yata,193,24,u
178,Cra. 12 #72-52 ,1665529835,1667831724,195,Soup - Campbells Bean Medley,+57 362 0232328,Roomm,182,25,lb
98,Cra. 82 #12-82 ,1664829239,1668636817,196,Hipnotiq Liquor,+57 332 7212722,Wordify,191,25,u
102,Cra. 92 #72-32 ,1664760582,1668473142,197,Honey - Lavender,+57 392 8262920,Realpoint,200,21,kg
79,Cra. 62 #72-82 ,1664653303,1671735667,198,"Pork - Butt, Boneless",+57 332 6282129,Quimm,180,24,kg
30,Cra. 82 #22-42 ,1665515326,1671391343,199,"Soup - Knorr, French Onion",+57 302 0262725,Jabbersphere,193,25,u
119,Cra. 12 #92-42 ,1665090344,1667661856,200,Cocoa Powder - Dutched,+57 312 1262320,Devify,192,21,b
152,Cra. 92 #92-42 ,1665906145,1670313072,201,Muffin - Blueberry Individual,+57 342 7272821,Rhynoodle,194,22,u
163,Cra. 32 #22-72 ,1665209366,1671158651,202,Bread - Triangle White,+57 362 8202828,Bubblebox,196,21,u
120,Cra. 42 #22-32 ,1665014470,1670376239,203,"Wine - Red, Black Opal Shiraz",+57 382 7242325,Photolist,184,25,lb
36,Cra. 72 #72-82 ,1666871809,1667648328,204,Tomatillo,+57 332 2222620,Yamia,199,24,b
50,Cra. 42 #32-02 ,1666067165,1671593002,205,Bay Leaf Ground,+57 312 6232326,Yoveo,186,23,u
95,Cra. 32 #92-02 ,1665816582,1669615796,206,Bread - Multigrain,+57 382 1242729,Fiveclub,184,21,u
143,Cra. 52 #32-42 ,1665305366,1669215791,207,Cumin - Whole,+57 312 7252824,Innotype,186,22,b
100,Cra. 92 #12-42 ,1666570987,1670088818,208,Chinese Foods - Cantonese,+57 352 2212426,Layo,195,23,u
84,Cra. 92 #92-72 ,1666437877,1670241669,209,"Beef - Tenderlion, Center Cut",+57 302 6232328,Mita,186,21,b
179,Cra. 62 #12-52 ,1665146797,1668487159,210,Beef - Rib Eye Aaa,+57 352 1262427,Flipopia,186,24,lb
86,Cra. 62 #42-52 ,1665787226,1669034315,211,Green Tea Refresher,+57 312 1272622,Twinder,189,23,b
138,Cra. 32 #82-72 ,1666317422,1670834235,212,Beef - Shank,+57 342 7222424,Meetz,180,20,u
166,Cra. 92 #42-62 ,1664744867,1667862679,213,Capers - Ox Eye Daisy,+57 342 4232824,Jatri,196,25,lb
43,Cra. 02 #52-32 ,1666185708,1669287848,214,Grapes - Green,+57 322 7222321,Trupe,189,25,kg
124,Cra. 62 #22-62 ,1665354186,1667604867,215,Sauce - Oyster,+57 342 7262820,Twitterbeat,198,20,u
114,Cra. 12 #92-52 ,1664673013,1671854311,216,Gatorade - Cool Blue Raspberry,+57 342 3242422,Fivebridge,190,25,u
121,Cra. 12 #52-82 ,1666736808,1669598930,217,Mustard - Individual Pkg,+57 342 9272221,Twinder,194,21,u
173,Cra. 52 #52-32 ,1664593898,1671584929,218,Persimmons,+57 312 3272423,Pixoboo,197,21,b
52,Cra. 92 #12-32 ,1666130712,1668376016,219,Appetizer - Chicken Satay,+57 372 8282223,InnoZ,191,21,b
99,Cra. 52 #32-02 ,1666950449,1668008338,220,Bonito Flakes - Toku Katsuo,+57 322 6272422,Kwideo,189,25,u
40,Cra. 12 #22-12 ,1666978204,1671043126,221,Puree - Passion Fruit,+57 332 1262224,Demimbu,200,24,b
47,Cra. 52 #52-02 ,1666839089,1670872231,222,Beef Cheek Fresh,+57 342 0232822,Aivee,183,21,b
154,Cra. 12 #72-32 ,1666087890,1668914544,223,Olives - Stuffed,+57 362 7262720,Feedfish,195,21,b
92,Cra. 72 #92-62 ,1664993793,1671745319,224,Crackers - Water,+57 302 7242821,Mymm,182,20,kg
42,Cra. 62 #82-62 ,1665344067,1671536191,225,Irish Cream - Baileys,+57 332 2242728,Gabcube,182,20,u
120,Cra. 72 #52-42 ,1664625299,1668547978,226,Wine - Redchard Merritt,+57 312 3262925,Kwideo,183,23,lb
148,Cra. 62 #32-82 ,1665322918,1668752492,227,Huck Towels White,+57 352 5202727,Realfire,195,24,u
133,Cra. 32 #42-62 ,1665348108,1672360854,228,"Water, Tap",+57 332 0242222,Tazz,189,23,b
155,Cra. 22 #72-12 ,1666598418,1667403664,229,"Soup - Campbells, Butternut",+57 392 6252529,Flashset,198,22,b
149,Cra. 72 #12-42 ,1666409034,1672107714,230,Beef - Texas Style Burger,+57 372 6282123,Demivee,186,20,b
101,Cra. 52 #52-72 ,1664972532,1668879066,231,Bread - Raisin Walnut Pull,+57 352 0232023,Quaxo,180,22,u
97,Cra. 32 #82-42 ,1666982000,1670580207,232,Prunes - Pitted,+57 392 6262422,Wikido,183,22,u
147,Cra. 02 #02-22 ,1665585238,1670762650,233,"Tomatoes - Diced, Canned",+57 352 8232428,Twiyo,187,21,b
168,Cra. 52 #42-32 ,1665351238,1670004777,234,Bols Melon Liqueur,+57 342 3202526,Dynazzy,181,20,b
85,Cra. 02 #62-82 ,1665881199,1670565527,235,"Wine - Mas Chicet Rose, Vintage",+57 302 9292129,Photobean,199,22,b
36,Cra. 12 #92-32 ,1665939230,1672193819,236,"Nut - Walnut, Pieces",+57 342 4232426,Katz,187,20,u
87,Cra. 92 #32-52 ,1665669684,1669432903,237,Fib N9 - Prague Powder,+57 392 6272027,Twitternation,193,21,b
166,Cra. 92 #12-82 ,1665737698,1668167853,238,Bacardi Breezer - Strawberry,+57 392 8212224,Twitterwire,192,24,b
180,Cra. 32 #72-72 ,1665385007,1667605844,239,Spice - Chili Powder Mexican,+57 352 7232228,Yozio,199,24,u
142,Cra. 92 #32-52 ,1666663401,1667707000,240,Tilapia - Fillets,+57 382 3232827,Feednation,196,23,u
84,Cra. 82 #22-62 ,1665374762,1670936291,241,Sprouts - Brussel,+57 342 6252827,Trudoo,187,20,u
47,Cra. 62 #32-72 ,1664603832,1670079026,242,Shrimp - Tiger 21/25,+57 392 7222426,Photobug,188,25,u
115,Cra. 62 #72-32 ,1665255668,1667413254,243,Tea - Honey Green Tea,+57 322 5202121,Thoughtbeat,186,25,u
52,Cra. 52 #62-82 ,1667120992,1671889183,244,"Juice - Grapefruit, 341 Ml",+57 322 2222522,Fadeo,197,22,u
146,Cra. 82 #32-42 ,1665279912,1671946095,245,Nori Sea Weed,+57 362 9292329,Devify,183,20,u
103,Cra. 22 #22-22 ,1666087025,1669157964,246,Potatoes - Pei 10 Oz,+57 312 4232122,Realpoint,193,21,u
145,Cra. 42 #22-42 ,1665238398,1668830340,247,Longos - Chicken Cordon Bleu,+57 372 3212526,Skyba,183,25,lb
98,Cra. 12 #02-92 ,1665526743,1667592999,248,Pork - Caul Fat,+57 322 1282121,Babbleopia,191,24,u
71,Cra. 52 #42-02 ,1665731754,1672264861,249,Beer - Rickards Red,+57 322 9292428,Roodel,197,23,b
103,Cra. 82 #62-52 ,1665959902,1671195516,250,Tuna - Loin,+57 332 7272325,Kayveo,192,23,u
68,Cra. 32 #02-72 ,1667077482,1671160747,251,"Crab - Dungeness, Whole",+57 302 8272824,Oyoloo,189,24,u
152,Cra. 22 #82-62 ,1665382153,1671125783,252,Tart - Pecan Butter Squares,+57 322 0232926,Edgepulse,187,22,u
171,Cra. 22 #32-82 ,1666975174,1669207619,253,Wine - Fontanafredda Barolo,+57 322 0242021,Gabtune,191,20,lb
45,Cra. 72 #02-42 ,1665975296,1671655694,254,Salt And Pepper Mix - Black,+57 312 0232822,Pixoboo,183,23,u
174,Cra. 32 #52-92 ,1665973661,1671801477,255,Tea - Camomele,+57 372 8212020,Kwimbee,199,20,u
168,Cra. 22 #52-22 ,1666581610,1672188830,256,Wine - Rhine Riesling Wolf Blass,+57 372 6262329,Pixonyx,200,21,u
164,Cra. 72 #32-92 ,1665829994,1668817073,257,Tea - Orange Pekoe,+57 342 7202521,Livepath,197,25,kg
169,Cra. 12 #82-82 ,1666248381,1672045591,258,Pasta - Cheese / Spinach Bauletti,+57 362 4222923,Mybuzz,187,20,b
52,Cra. 62 #92-22 ,1665855711,1668265302,259,Bagel - Whole White Sesame,+57 322 7202323,Skimia,181,25,kg
88,Cra. 52 #72-02 ,1666882589,1669368849,260,Capon - Whole,+57 372 2272821,Photolist,200,20,b
36,Cra. 82 #12-92 ,1664782968,1667976524,261,"Octopus - Baby, Cleaned",+57 302 3202125,Minyx,186,23,u
63,Cra. 32 #52-22 ,1665735822,1669349902,262,"Jam - Strawberry, 20 Ml Jar",+57 332 1252325,Demivee,193,24,b
148,Cra. 52 #02-42 ,1666963737,1669009480,263,Cheese - Cream Cheese,+57 352 5292224,Fivechat,196,21,u
148,Cra. 02 #42-92 ,1665440589,1669520501,264,Pomello,+57 362 3282228,Shufflester,189,23,b
52,Cra. 52 #52-62 ,1665620571,1671760476,265,Flour - Strong,+57 302 9262721,Skaboo,195,24,b
99,Cra. 02 #72-22 ,1664853050,1668909122,266,Beer - Original Organic Lager,+57 332 7222424,Skilith,186,25,u
91,Cra. 82 #72-02 ,1666753084,1669795183,267,Couscous,+57 332 7252520,Edgeify,199,20,b
91,Cra. 22 #72-22 ,1666847877,1669796021,268,Cheese - Marble,+57 312 8292329,Photobug,185,21,lb
80,Cra. 32 #42-12 ,1665689761,1672026165,269,Quiche Assorted,+57 392 3292625,Meemm,198,24,u
171,Cra. 42 #22-42 ,1666423560,1668513322,270,Crackers - Melba Toast,+57 352 0222522,Fanoodle,200,22,u
114,Cra. 42 #02-32 ,1667151216,1670758562,271,Bread - Olive Dinner Roll,+57 352 6262728,Kwideo,192,25,b
154,Cra. 82 #82-62 ,1666717582,1667478698,272,Lettuce - Boston Bib,+57 302 7282023,Skibox,195,20,lb
134,Cra. 42 #12-12 ,1666243980,1669862886,273,Bacardi Raspberry,+57 392 6262729,Divape,194,20,u
137,Cra. 92 #52-82 ,1665166880,1667566634,274,Coffee - Decaffeinato Coffee,+57 362 4282029,Avamba,185,22,b
107,Cra. 22 #52-02 ,1665478660,1668181158,275,Shrimp - Tiger 21/25,+57 312 8242128,Ooba,181,23,lb
124,Cra. 12 #92-82 ,1667053991,1667446504,276,Crush - Cream Soda,+57 312 2252625,Edgeclub,200,22,u
134,Cra. 02 #52-32 ,1666066709,1671462484,277,Duck - Breast,+57 392 7232329,Jaxbean,187,23,b
122,Cra. 52 #12-12 ,1665675549,1671116764,278,Fork - Plastic,+57 342 9242620,Vimbo,200,25,u
140,Cra. 22 #52-42 ,1666915694,1672142173,279,Danishes - Mini Cheese,+57 322 8212124,Riffpedia,187,24,b
67,Cra. 82 #22-92 ,1665309167,1668210377,280,Wine - Sauvignon Blanc Oyster,+57 362 1222929,Oloo,190,23,lb
81,Cra. 42 #82-22 ,1665910786,1671804099,281,Salmon - Fillets,+57 312 7292028,Edgeclub,193,21,kg
65,Cra. 92 #92-12 ,1664885960,1672387294,282,Honey - Liquid,+57 332 3232329,Jayo,197,22,b
60,Cra. 02 #72-42 ,1665077051,1671417393,283,"Tart Shells - Barquettes, Savory",+57 332 5262922,Thoughtblab,185,20,b
89,Cra. 72 #42-82 ,1665728397,1668255451,284,Filter - Coffee,+57 362 7272522,Eabox,184,20,u
151,Cra. 72 #02-02 ,1666165500,1669037230,285,Extract Vanilla Pure,+57 322 4242421,Gigabox,199,22,lb
55,Cra. 22 #62-42 ,1665157003,1669055420,286,Truffle Cups - White Paper,+57 392 5242220,Livetube,197,23,b
107,Cra. 22 #32-62 ,1665285745,1670546958,287,Pickerel - Fillets,+57 392 4222128,Shuffledrive,190,21,kg
49,Cra. 32 #92-52 ,1664668030,1671565197,288,"Juice - Cranberry, 341 Ml",+57 352 8232621,Oyoyo,198,24,u
158,Cra. 02 #92-12 ,1666197864,1668063922,289,Skewers - Bamboo,+57 322 9222622,Wikizz,198,23,b
64,Cra. 12 #42-52 ,1665781395,1670192860,290,Pail For Lid 1537,+57 302 4282622,Thoughtsphere,194,21,u
152,Cra. 72 #92-72 ,1667159331,1667693133,291,Cookies Almond Hazelnut,+57 342 1292524,Skinix,187,25,u
104,Cra. 72 #02-22 ,1665087875,1667307573,292,Bay Leaf Ground,+57 342 0232922,Divanoodle,180,20,b
106,Cra. 62 #62-12 ,1666835138,1669553380,293,Cheese - Fontina,+57 352 1282923,Yombu,199,23,b
111,Cra. 12 #72-72 ,1664892933,1667311937,294,Octopus,+57 322 5232229,Linklinks,200,23,b
51,Cra. 42 #12-32 ,1665568738,1668883287,295,Beer - Pilsner Urquell,+57 312 7222928,Trupe,198,22,lb
134,Cra. 32 #22-02 ,1665687600,1669464682,296,Pastry - Cherry Danish - Mini,+57 352 2222123,Skipfire,185,25,b
105,Cra. 02 #92-42 ,1667045018,1669022158,297,Lighter - Bbq,+57 372 3252024,Gabtune,200,25,lb
134,Cra. 62 #52-72 ,1666081920,1668625553,298,Lady Fingers,+57 372 7202129,Topicstorm,181,21,lb
64,Cra. 92 #92-32 ,1666844695,1671371965,299,General Purpose Trigger,+57 382 6242228,Katz,181,21,u
116,Cra. 22 #52-92 ,1665888100,1668633662,300,Island Oasis - Strawberry,+57 342 0212822,Tagfeed,197,24,lb
37,Cra. 42 #02-42 ,1666578861,1671156862,301,Wine - Ej Gallo Sierra Valley,+57 342 8262029,Flipstorm,188,25,u
158,Cra. 22 #12-42 ,1666469643,1667303459,302,Banana - Green,+57 342 7212727,Thoughtstorm,191,21,b
139,Cra. 52 #72-02 ,1665699309,1670944538,303,Pepper - Cayenne,+57 332 5292325,Zoovu,200,20,u
163,Cra. 42 #72-42 ,1665016479,1668351490,304,Tomato Paste,+57 352 7292228,Viva,187,24,u
113,Cra. 72 #62-92 ,1665439855,1669043649,305,Chips Potato All Dressed - 43g,+57 392 5222928,Aibox,191,25,u
68,Cra. 52 #92-12 ,1664937261,1671837956,306,"Napkin - Cocktail,beige 2 - Ply",+57 342 0252321,Edgewire,195,20,b
139,Cra. 32 #82-22 ,1665958821,1672278546,307,"Salt - Rock, Course",+57 312 5212822,Buzzdog,180,21,b
102,Cra. 52 #92-12 ,1666898992,1669932840,308,Bread - White Mini Epi,+57 372 8222927,Photobug,195,25,b
29,Cra. 02 #82-62 ,1665742766,1672311516,309,Lamb Leg - Bone - In Nz,+57 322 5242424,Browseblab,180,20,lb
85,Cra. 12 #12-32 ,1666560200,1670940601,310,Beans - Kidney White,+57 302 8252824,Topiczoom,199,20,lb
110,Cra. 02 #72-92 ,1666653210,1668059058,311,Nestea - Iced Tea,+57 322 5232627,Tambee,192,24,b
169,Cra. 52 #02-52 ,1665383777,1671335869,312,Pork - European Side Bacon,+57 382 1292128,Livefish,181,25,u
106,Cra. 52 #82-52 ,1665450122,1669223718,313,"Pepsi - Diet, 355 Ml",+57 382 2262024,Yodoo,193,22,b
70,Cra. 32 #92-62 ,1665788925,1672121224,314,Schnappes Peppermint - Walker,+57 312 1282924,Youspan,194,25,b
99,Cra. 12 #32-12 ,1666276280,1667470742,315,Bols Melon Liqueur,+57 342 8282825,Centizu,199,23,u
158,Cra. 12 #62-02 ,1665259902,1669947254,316,Fondant - Icing,+57 372 9292926,Avaveo,181,25,b
29,Cra. 42 #82-72 ,1665004729,1667755106,317,Tart - Pecan Butter Squares,+57 362 7242125,Yambee,190,20,b
114,Cra. 02 #72-72 ,1666798451,1670786986,318,Sugar - Splenda Sweetener,+57 302 6272422,Rhynoodle,198,20,kg
136,Cra. 92 #52-72 ,1665803199,1667758184,319,Radish - Pickled,+57 302 6232526,Yadel,183,25,kg
69,Cra. 82 #62-12 ,1666744725,1670418565,320,Sour Cream,+57 322 8242922,Chatterbridge,194,22,u
128,Cra. 52 #02-12 ,1666936771,1672331603,321,Soup - Campbells Beef Noodle,+57 322 3202625,Feedspan,182,24,kg
139,Cra. 92 #12-52 ,1666424303,1668351390,322,Pasta - Angel Hair,+57 342 4262620,Eadel,193,20,b
30,Cra. 72 #62-52 ,1665786754,1671888713,323,Onions - Red Pearl,+57 322 6272328,Gabtype,198,24,b
94,Cra. 52 #32-22 ,1665802840,1669488658,324,Yokaline,+57 342 9202320,Zooveo,199,23,kg
106,Cra. 12 #82-42 ,1666169970,1668400766,325,"Mushroom - Chantrelle, Fresh",+57 382 0212224,Skalith,187,20,b
78,Cra. 82 #52-22 ,1666198676,1670226099,326,Beets - Mini Golden,+57 342 1282024,Kwideo,188,22,u
135,Cra. 42 #02-52 ,1666042521,1668668278,327,"Salmon - Whole, 4 - 6 Pounds",+57 322 2262426,Nlounge,180,25,b
113,Cra. 22 #22-42 ,1666015514,1672277701,328,Wine - Lamancha Do Crianza,+57 352 8282425,Kare,180,24,u
108,Cra. 82 #82-42 ,1665417170,1671186772,329,Pork - Ham Hocks - Smoked,+57 342 0212820,Quimba,196,24,u
62,Cra. 52 #72-92 ,1664974625,1671231995,330,Water - Green Tea Refresher,+57 372 7292326,Dabshots,191,20,u
35,Cra. 02 #32-12 ,1666195090,1671675802,331,Steampan - Half Size Shallow,+57 352 5292025,Yacero,193,22,b
52,Cra. 22 #22-32 ,1665935927,1669368428,332,Sauce - Balsamic Viniagrette,+57 382 2212121,Youspan,198,23,u
164,Cra. 72 #92-12 ,1665295199,1670735469,333,"Wine - White, Ej",+57 312 5252122,Quinu,197,25,kg
161,Cra. 52 #52-32 ,1666285357,1669897131,334,"Stock - Beef, Brown",+57 312 1262026,Fivespan,196,22,u
51,Cra. 72 #52-72 ,1664604965,1670558188,335,Smoked Tongue,+57 362 8262423,Rhyzio,196,21,u
113,Cra. 12 #52-52 ,1666906764,1667975295,336,Mushroom - King Eryingii,+57 382 4262723,Photojam,180,22,u
41,Cra. 32 #22-42 ,1665489083,1668871047,337,Huck White Towels,+57 382 4212325,Skynoodle,192,24,u
142,Cra. 02 #12-12 ,1666219191,1669038897,338,Icecream Bar - Del Monte,+57 392 0252327,Flashspan,194,21,u
54,Cra. 62 #32-32 ,1666613694,1668600766,339,Nori Sea Weed - Gold Label,+57 352 1212629,Jetpulse,195,22,u
79,Cra. 22 #82-12 ,1664590667,1671530236,340,Bread - Pumpernickel,+57 392 0222420,Oozz,185,25,b
46,Cra. 22 #72-02 ,1666458647,1667402701,341,Langers - Mango Nectar,+57 392 5262224,Leexo,192,24,u
170,Cra. 22 #12-32 ,1665135531,1669422265,342,Tomato - Green,+57 332 5202423,Skaboo,183,23,u
96,Cra. 02 #02-52 ,1666470704,1670560220,343,"Veal - Shank, Pieces",+57 332 8212926,Jabbertype,186,24,b
54,Cra. 52 #02-72 ,1665409148,1672353741,344,Coffee Cup 12oz 5342cd,+57 312 8262824,Twimm,192,22,b
128,Cra. 62 #72-12 ,1665809346,1667418315,345,Daikon Radish,+57 392 3222527,Photobug,196,25,lb
78,Cra. 32 #52-62 ,1666115299,1667274089,346,Rambutan,+57 312 6202020,Voonix,183,23,b
159,Cra. 92 #02-82 ,1666409778,1669344711,347,Coffee - Decaffeinato Coffee,+57 332 4282221,Youspan,200,21,u
133,Cra. 92 #02-22 ,1665310851,1670334619,348,Beer - Creemore,+57 312 8282321,Eazzy,200,22,lb
43,Cra. 82 #52-42 ,1666729967,1671531572,349,Beans - French,+57 332 6222725,Fivechat,197,22,lb
130,Cra. 62 #52-32 ,1666793612,1670112044,350,Flower - Leather Leaf Fern,+57 382 0202124,Ainyx,193,25,u
138,Cra. 72 #92-72 ,1665112710,1669883525,351,Onions - Vidalia,+57 352 3272621,Talane,191,24,u
64,Cra. 42 #02-12 ,1666922997,1669771803,352,Oil - Grapeseed Oil,+57 362 7232023,Feednation,200,25,b
143,Cra. 42 #52-12 ,1664808256,1670552790,353,"Turnip - White, Organic",+57 322 5272729,Eabox,180,22,b
59,Cra. 02 #02-42 ,1666969584,1671650324,354,"Schnappes - Peach, Walkers",+57 372 2272820,Zoomcast,198,25,lb
32,Cra. 82 #72-62 ,1665184902,1670584457,355,Wine - Cave Springs Dry Riesling,+57 312 9222326,Jabbertype,194,25,kg
132,Cra. 42 #02-32 ,1664652002,1670819048,356,Cabbage - Savoy,+57 342 0262125,Tagfeed,190,22,b
57,Cra. 42 #82-82 ,1666341121,1669595434,357,Beer - Mcauslan Apricot,+57 392 7222527,Jabberbean,197,23,kg
103,Cra. 72 #72-22 ,1666874517,1670081646,358,Chevere Logs,+57 332 3252529,Camimbo,182,25,u
55,Cra. 32 #02-62 ,1665084979,1667288123,359,"Butter - Salted, Micro",+57 322 2262427,Youbridge,186,20,u
50,Cra. 22 #32-12 ,1665938759,1669110478,360,Beef Flat Iron Steak,+57 372 0222922,Oba,200,22,u
133,Cra. 12 #92-52 ,1665019136,1672044264,361,Foil Cont Round,+57 352 8262425,Topicware,187,23,u
149,Cra. 02 #12-92 ,1664705066,1669971236,362,Mustard - Seed,+57 312 5262520,Browsebug,191,24,u
177,Cra. 02 #92-72 ,1666026372,1668723549,363,"Fish - Soup Base, Bouillon",+57 332 1262921,Quimm,192,24,u
34,Cra. 92 #12-52 ,1665512301,1668371986,364,Beans - Fine,+57 392 5262622,Mynte,192,25,u
148,Cra. 42 #52-22 ,1665032323,1670200198,365,"Water - Mineral, Carbonated",+57 302 4262827,Wordpedia,185,23,lb
111,Cra. 22 #72-42 ,1666401215,1668988822,366,Nescafe - Frothy French Vanilla,+57 312 5282425,Oyoyo,183,20,lb
38,Cra. 72 #42-72 ,1664893428,1672421644,367,Apples - Spartan,+57 372 8272023,Oba,194,20,u
78,Cra. 72 #82-72 ,1665313048,1670216492,368,Chocolate Bar - Smarties,+57 352 8272624,Agivu,184,20,u
135,Cra. 42 #52-62 ,1666394766,1670799954,369,Taro Leaves,+57 382 6252520,Rhyloo,181,21,u
179,Cra. 02 #72-02 ,1665209455,1672356518,370,Daikon Radish,+57 382 2252720,Skyba,181,24,u
110,Cra. 72 #22-72 ,1665214170,1671168359,371,Jagermeister,+57 352 7272923,Browsebug,181,20,u
73,Cra. 42 #12-82 ,1664979240,1667956998,372,Corn Shoots,+57 322 0262028,Eamia,192,21,u
48,Cra. 12 #22-92 ,1665862594,1669105686,373,Tarts Assorted,+57 302 0252325,Wikibox,192,22,u
25,Cra. 82 #92-02 ,1665367306,1668408849,374,Persimmons,+57 372 8232622,Devify,195,23,u
136,Cra. 72 #12-42 ,1664930219,1669234032,375,Wine - Casillero Del Diablo,+57 392 1212928,Twiyo,188,23,b
38,Cra. 82 #12-42 ,1665462200,1669728143,376,"Coffee - Colombian, Portioned",+57 372 9232129,Yoveo,189,21,b
53,Cra. 12 #62-12 ,1664909974,1669671114,377,Chocolate - Semi Sweet,+57 352 8262423,Quimm,195,22,u
58,Cra. 42 #12-22 ,1665032514,1672092598,378,Bols Melon Liqueur,+57 332 1242324,Jaxspan,193,23,u
126,Cra. 92 #42-82 ,1665481984,1668408008,379,Chicken - Livers,+57 342 1272225,Avamm,180,23,u
61,Cra. 12 #42-92 ,1667036310,1667935737,380,Mushroom - White Button,+57 352 9282228,Photobug,194,23,kg
34,Cra. 12 #22-72 ,1665712208,1669667317,381,Coffee Caramel Biscotti,+57 362 9222223,Vimbo,200,22,b
120,Cra. 62 #62-52 ,1666980062,1667488137,382,Mace Ground,+57 382 1242520,Wikibox,188,21,u
143,Cra. 12 #32-72 ,1666327520,1670662907,383,Pepper - Sorrano,+57 392 0282525,Flashpoint,197,22,b
110,Cra. 42 #12-82 ,1666859646,1669131828,384,Lidsoupcont Rp12dn,+57 352 0202322,Voonder,192,24,u
172,Cra. 72 #12-32 ,1665144784,1671364509,385,Grapes - Green,+57 302 0292120,Oyoloo,199,20,lb
68,Cra. 82 #62-42 ,1666760274,1667777667,386,Muffin Hinge - 211n,+57 372 0252821,Feedfish,184,25,b
137,Cra. 82 #52-32 ,1665348956,1668847919,387,Bagel - Whole White Sesame,+57 382 6292324,Izio,196,24,u
152,Cra. 22 #22-72 ,1666021152,1672334106,388,Wine - Sogrape Mateus Rose,+57 332 3222027,Blogtags,190,24,u
140,Cra. 82 #42-82 ,1667039895,1667709849,389,Flax Seed,+57 362 8242424,Wordtune,193,22,u
162,Cra. 42 #92-42 ,1666124549,1668639020,390,Calypso - Black Cherry Lemonade,+57 322 5292524,Oyoloo,197,24,u
152,Cra. 72 #72-32 ,1667005029,1667447381,391,Crab - Soft Shell,+57 362 3222928,Podcat,190,21,u
114,Cra. 32 #92-52 ,1665663874,1669186969,392,Cheese - Wine,+57 362 6292924,Feedfire,183,20,u
171,Cra. 42 #22-02 ,1664829558,1670870293,393,Blackberries,+57 302 2252923,InnoZ,181,25,u
67,Cra. 72 #12-62 ,1666775311,1670129069,394,Wine - Pinot Noir Latour,+57 342 8202122,Photolist,186,21,u
94,Cra. 12 #32-42 ,1664584210,1672057070,395,"Pepper - Chillies, Crushed",+57 312 2272228,Rhycero,195,25,kg
130,Cra. 82 #82-12 ,1666327057,1669990478,396,Ham - Cooked,+57 392 6252927,Tagopia,188,25,b
102,Cra. 02 #12-62 ,1666981472,1667797400,397,Glove - Cutting,+57 342 3262920,Quimm,197,20,b
142,Cra. 32 #42-12 ,1665642118,1671915033,398,Sobe - Liz Blizz,+57 382 6222626,Browseblab,190,23,lb
95,Cra. 02 #92-12 ,1664980629,1667335126,399,Nori Sea Weed,+57 362 6262621,Realcube,196,20,u
67,Cra. 22 #42-02 ,1666191994,1669431305,400,Tandoori Curry Paste,+57 352 3292021,Dabtype,196,25,lb
89,Cra. 92 #32-32 ,1664899058,1670928753,401,Cookie Chocolate Chip With,+57 352 9232520,Twimbo,195,20,b
42,Cra. 72 #52-72 ,1665376514,1670342511,402,Dragon Fruit,+57 352 6202221,Trudoo,199,24,u
50,Cra. 22 #92-72 ,1665927281,1667316077,403,Compound - Rum,+57 342 8222529,Voonder,191,25,b
51,Cra. 52 #72-62 ,1665310504,1672140431,404,Rosemary - Dry,+57 322 1282426,Pixoboo,192,21,u
110,Cra. 62 #12-52 ,1665563961,1671589124,405,Everfresh Products,+57 372 5202528,Wordtune,188,22,lb
54,Cra. 72 #82-32 ,1666931961,1671125031,406,Crackers - Soda / Saltins,+57 342 6282727,Demimbu,192,20,kg
102,Cra. 32 #82-02 ,1666431814,1667384522,407,Lamb - Ground,+57 372 3272028,Wikido,195,20,b
118,Cra. 02 #02-22 ,1665924367,1669726669,408,Turkey - Oven Roast Breast,+57 392 6272023,Ailane,194,21,u
103,Cra. 32 #32-12 ,1665947869,1672009128,409,"Asparagus - White, Fresh",+57 332 9222429,Bluejam,200,23,u
134,Cra. 82 #02-72 ,1667081774,1670963042,410,Zucchini - Yellow,+57 322 8292028,Yotz,193,21,u
106,Cra. 72 #22-52 ,1666869843,1668707127,411,Icecream Bar - Del Monte,+57 342 9292122,Zazio,198,20,b
175,Cra. 02 #32-62 ,1666455552,1671152143,412,Wine - Zonnebloem Pinotage,+57 352 8272620,Edgeblab,200,23,b
138,Cra. 92 #92-42 ,1664658483,1668454774,413,"Apple - Delicious, Golden",+57 382 1242525,Vinder,186,23,u
108,Cra. 42 #32-62 ,1666778929,1669187667,414,Chick Peas - Dried,+57 382 8202425,Eidel,186,21,kg
37,Cra. 72 #62-82 ,1665214999,1671150936,415,Plate Pie Foil,+57 312 0232925,Voonder,185,22,b
119,Cra. 22 #92-12 ,1666554042,1671195250,416,Wine - Savigny - Les - Beaune,+57 302 1222624,Babbleset,191,25,b
143,Cra. 72 #32-92 ,1666256301,1667737292,417,"Vermacelli - Sprinkles, Assorted",+57 352 2202222,Leenti,191,22,u
76,Cra. 52 #12-52 ,1667065503,1669678592,418,"Juice - Pineapple, 48 Oz",+57 372 6282427,Voonix,199,22,lb
46,Cra. 52 #22-12 ,1666496241,1672152523,419,Potatoes - Mini White 3 Oz,+57 322 1242028,Centidel,194,24,kg
36,Cra. 72 #92-62 ,1666628097,1669795295,420,Momiji Oroshi Chili Sauce,+57 392 6232820,Twimbo,189,25,b
93,Cra. 02 #32-22 ,1666700651,1668512225,421,"Cheese - Brie, Triple Creme",+57 372 7232322,Topicblab,187,23,u
137,Cra. 82 #02-02 ,1664603567,1667559191,422,Plastic Wrap,+57 322 5252023,Jetpulse,184,20,u
163,Cra. 02 #72-32 ,1665865951,1670758047,423,Basil - Seedlings Cookstown,+57 322 1212921,Ozu,187,25,b
88,Cra. 22 #72-12 ,1666044672,1669740235,424,Tea - Green,+57 322 1202327,Eazzy,189,25,lb
47,Cra. 12 #72-42 ,1664650308,1669175131,425,Glaze - Clear,+57 322 9242923,Demizz,184,25,lb
159,Cra. 52 #42-22 ,1666169316,1667490453,426,Beef - Top Sirloin,+57 352 9242320,Photospace,181,24,b
119,Cra. 02 #82-32 ,1666162932,1668952233,427,Sea Bass - Fillets,+57 312 7262720,Gabtype,186,24,b
137,Cra. 02 #42-42 ,1666441651,1667353538,428,Wine - Champagne Brut Veuve,+57 362 8272924,Lazz,191,24,b
51,Cra. 92 #22-62 ,1665424665,1667896992,429,Wine - Riesling Alsace Ac 2001,+57 392 4242629,Avamm,185,21,u
30,Cra. 62 #52-32 ,1666801364,1671317275,430,Shrimp - Black Tiger 13/15,+57 352 2292826,Gabtune,186,20,b
135,Cra. 82 #02-02 ,1666745095,1667920356,431,Soupfoamcont12oz 112con,+57 352 4272126,Zoomzone,190,24,u
105,Cra. 32 #62-32 ,1664694929,1670981426,432,Wine - Magnotta - Cab Sauv,+57 382 2282028,Kaymbo,196,20,u
110,Cra. 72 #62-12 ,1667081820,1667543123,433,Flour - Rye,+57 312 3232425,JumpXS,187,20,u
92,Cra. 62 #42-92 ,1664677137,1671153151,434,"Seedlings - Buckwheat, Organic",+57 332 6242127,Skipfire,199,21,b
116,Cra. 42 #72-62 ,1664969843,1670115154,435,Muffin Hinge Container 6,+57 382 9252126,Tagtune,182,20,u
127,Cra. 32 #22-02 ,1665714817,1669714406,436,Cream - 35%,+57 342 1242826,Leexo,180,23,u
134,Cra. 62 #32-02 ,1666044391,1669711693,437,Mini - Vol Au Vents,+57 302 7282626,Myworks,189,21,u
123,Cra. 12 #32-42 ,1665458356,1667307651,438,"Salmon - Atlantic, Skin On",+57 332 8212523,Browsecat,196,21,u
150,Cra. 32 #92-62 ,1665558991,1668350419,439,Muffin - Carrot Individual Wrap,+57 312 8202823,Blogtag,181,21,kg
29,Cra. 32 #12-02 ,1664768694,1670245680,440,Potatoes - Mini White 3 Oz,+57 322 3282326,Tagtune,195,22,u
95,Cra. 12 #32-82 ,1665297626,1670106380,441,Pastry - Apple Muffins - Mini,+57 312 2232221,Thoughtsphere,196,20,kg
163,Cra. 92 #62-42 ,1666520646,1668157433,442,Tomato - Tricolor Cherry,+57 382 3232023,Blogpad,196,20,u
136,Cra. 82 #22-92 ,1666627686,1669234944,443,Soup Campbells Beef With Veg,+57 342 3262423,Myworks,186,25,b
31,Cra. 82 #42-52 ,1666732032,1671928350,444,Venison - Racks Frenched,+57 392 0222628,Gevee,194,20,lb
123,Cra. 02 #12-52 ,1667110644,1669347818,445,"Glass - Wine, Plastic, Clear 5 Oz",+57 372 6232520,Browseblab,198,24,u
86,Cra. 12 #82-52 ,1666519858,1671358637,446,Appetizer - Crab And Brie,+57 322 2292723,Fivebridge,200,21,u
74,Cra. 82 #22-52 ,1666516389,1670775192,447,Thyme - Dried,+57 352 9232722,Rhynyx,187,21,u
54,Cra. 52 #82-62 ,1664663790,1668918726,448,Knife Plastic - White,+57 332 8262928,Yotz,180,21,u
28,Cra. 52 #92-52 ,1666018441,1671347942,449,Appetizer - Asian Shrimp Roll,+57 382 3252927,Cogibox,192,24,u
106,Cra. 02 #12-72 ,1666014652,1669546171,450,Potatoes - Peeled,+57 372 9222527,Mudo,186,23,u
